{"cameraMode":{"drawMode":0,"name":"Shaded","section":"Shading Mode"},"sceneLighting":false,"audioPlay":false,"sceneViewState":{"m_AlwaysRefresh":false,"showFog":true,"showSkybox":false,"showFlares":true,"showImageEffects":true,"showParticleSystems":true,"showVisualEffectGraphs":true,"m_FxEnabled":true},"in2DMode":false,"pivot":{"x":1.640680193901062,"y":0.7307238578796387,"z":-4.484151363372803},"rotation":{"x":-0.035180408507585528,"y":0.9645031094551086,"z":-0.17134815454483033,"w":-0.19836267828941346},"size":2.6057333946228029,"orthographic":false}