{"cameraMode":{"drawMode":0,"name":"Shaded","section":"Shading Mode"},"sceneLighting":true,"audioPlay":false,"sceneViewState":{"m_AlwaysRefresh":false,"showFog":true,"showSkybox":true,"showFlares":true,"showImageEffects":true,"showParticleSystems":true,"showVisualEffectGraphs":true,"m_FxEnabled":true},"in2DMode":false,"pivot":{"x":0.9293332099914551,"y":0.13658595085144044,"z":3.3531527519226076},"rotation":{"x":-0.058167461305856708,"y":0.9417538046836853,"z":-0.2323281317949295,"w":-0.23681198060512544},"size":3.4375417232513429,"orthographic":false}